CREATE TABLE RESERVATION (
 RESERVATION_ID BIGINT NOT NULL AUTO_INCREMENT,
 RESERVATION_DATE DATE NOT NULL,
 RESERVATION_TIME TIME NOT NULL,
 AM_OR_PM CHAR(2) NOT NULL,
 NAME VARCHAR(32) NOT NULL,
 NUMBER_OF_PEOPLE INT NOT NULL,
 EMAIL VARCHAR(128) NOT NULL,
 PHONE_NUMBER CHAR(11),
 PRICE INT
);

ALTER TABLE RESERVATION ADD CONSTRAINT PK_RESERVATION PRIMARY KEY (RESERVATION_ID);


CREATE TABLE MEMBER (
 MEMBER_ID BIGINT NOT NULL AUTO_INCREMENT,
 USER_ID VARCHAR(32) NOT NULL UNIQUE,
 PASSWORD VARCHAR(128) NOT NULL,
 FAMILY_NAME VARCHAR(10) NOT NULL,
 GIVEN_NAME VARCHAR(10) NOT NULL,
 POST_CODE CHAR(7) NOT NULL,
 ADDRESS VARCHAR(128) NOT NULL,
 EMAIL VARCHAR(128) NOT NULL UNIQUE,
 PHONE_NUMBER CHAR(11) NOT NULL,
 RESET_PASSWORD_ID VARCHAR(128)
);

ALTER TABLE MEMBER ADD CONSTRAINT PK_MEMBER PRIMARY KEY (MEMBER_ID);


CREATE TABLE PRODUCT (
 PRODUCT_ID BIGINT NOT NULL AUTO_INCREMENT,
 PRODUCT_NAME VARCHAR(128) NOT NULL,
 PRODUCT_DETAIL VARCHAR(512),
 PRODUCT_IMAGE BLOB,
 CATEGORY VARCHAR(128),
 PRICE INT NOT NULL
);

ALTER TABLE PRODUCT ADD CONSTRAINT PK_PRODUCT PRIMARY KEY (PRODUCT_ID);


CREATE TABLE CUSTOMER_ORDER (
 ORDER_ID BIGINT NOT NULL AUTO_INCREMENT,
 MEMBER_ID BIGINT NOT NULL,
 PURCHASE_DATETIME TIMESTAMP NOT NULL,
 PAYMENT_AMOUNT INT NOT NULL,
 SHIPPING_ADDRESS VARCHAR(128) NOT NULL,
 ORDER_STATUS INT NOT NULL,
 IS_CANCELED BOOLEAN NOT NULL
);

ALTER TABLE CUSTOMER_ORDER ADD PRIMARY KEY (ORDER_ID);


CREATE TABLE ORDER_DETAIL (
 ORDER_ID BIGINT NOT NULL,
 PRODUCT_ID BIGINT NOT NULL,
 QUANTITY INT NOT NULL
);

ALTER TABLE ORDER_DETAIL ADD PRIMARY KEY (ORDER_ID,PRODUCT_ID);


CREATE TABLE SHOPPING_CART (
 MEMBER_ID BIGINT NOT NULL,
 PRODUCT_ID BIGINT NOT NULL,
 QUANTITY INT NOT NULL
);

ALTER TABLE SHOPPING_CART ADD PRIMARY KEY (MEMBER_ID,PRODUCT_ID);


CREATE TABLE SHIPPING_FEE (
 PREFECTURE VARCHAR(16) NOT NULL,
 FEE INT NOT NULL
);

ALTER TABLE SHIPPING_FEE ADD PRIMARY KEY (PREFECTURE);

CREATE TABLE CAMPAIGN (
 CAMPAIGN_ID BIGINT NOT NULL AUTO_INCREMENT,
 TOTAL_AMOUNT INT NOT NULL,
 START_DATETIME DATETIME NOT NULL,
 END_DATETIME DATETIME NOT NULL
);

ALTER TABLE CAMPAIGN ADD PRIMARY KEY (CAMPAIGN_ID);


ALTER TABLE CUSTOMER_ORDER ADD FOREIGN KEY (MEMBER_ID) REFERENCES MEMBER (MEMBER_ID);


ALTER TABLE ORDER_DETAIL ADD FOREIGN KEY (PRODUCT_ID) REFERENCES PRODUCT (PRODUCT_ID);
ALTER TABLE ORDER_DETAIL ADD FOREIGN KEY (ORDER_ID) REFERENCES CUSTOMER_ORDER (ORDER_ID);


ALTER TABLE SHOPPING_CART ADD FOREIGN KEY (PRODUCT_ID) REFERENCES PRODUCT (PRODUCT_ID);
ALTER TABLE SHOPPING_CART ADD FOREIGN KEY (MEMBER_ID) REFERENCES MEMBER (MEMBER_ID);

INSERT INTO MEMBER
VALUES(1, 'test','1234', '鈴木', '健太郎', '1900001', '東京都立川市若葉町1-1-1', 'test@gmail.com', '08080801234', '1234reset_password');

INSERT INTO PRODUCT(PRODUCT_ID,PRODUCT_NAME ,PRODUCT_DETAIL,CATEGORY,PRICE) VALUES(1, 'トマト', 'トマト', '野菜', 1200);
INSERT INTO PRODUCT(PRODUCT_ID,PRODUCT_NAME ,PRODUCT_DETAIL,CATEGORY,PRICE) VALUES(2, 'ナス', 'ナス', '野菜', 1200);
INSERT INTO PRODUCT(PRODUCT_ID,PRODUCT_NAME ,PRODUCT_DETAIL,CATEGORY,PRICE) VALUES(3, 'ピーマン', 'ピーマン', '野菜', 1200);
INSERT INTO PRODUCT(PRODUCT_ID,PRODUCT_NAME ,PRODUCT_DETAIL,CATEGORY,PRICE) VALUES(4, 'きゅうり', 'きゅうり', '野菜', 1200);
INSERT INTO PRODUCT(PRODUCT_ID,PRODUCT_NAME ,PRODUCT_DETAIL,CATEGORY,PRICE) VALUES(5, 'ズッキーニ', 'ズッキーニ', '野菜', 1200);     
INSERT INTO PRODUCT(PRODUCT_ID,PRODUCT_NAME ,PRODUCT_DETAIL,CATEGORY,PRICE) VALUES(6, 'オクラ', 'オクラ', '野菜', 1200);
INSERT INTO PRODUCT(PRODUCT_ID,PRODUCT_NAME ,PRODUCT_DETAIL,CATEGORY,PRICE) VALUES(7, 'とうもろこし', 'とうもろこし', '野菜', 1200); 
INSERT INTO PRODUCT(PRODUCT_ID,PRODUCT_NAME ,PRODUCT_DETAIL,CATEGORY,PRICE) VALUES(8, 'バジル', 'バジル', '野菜', 1200);
INSERT INTO PRODUCT(PRODUCT_ID,PRODUCT_NAME ,PRODUCT_DETAIL,CATEGORY,PRICE) VALUES(9, 'しそ', 'しそ', '野菜', 1200);
INSERT INTO PRODUCT(PRODUCT_ID,PRODUCT_NAME ,PRODUCT_DETAIL,CATEGORY,PRICE) VALUES(10, 'モロヘイヤ', 'モロヘイヤ', '野菜', 1200);    
INSERT INTO PRODUCT(PRODUCT_ID,PRODUCT_NAME ,PRODUCT_DETAIL,CATEGORY,PRICE) VALUES(11, 'さやエンドウ', 'さやエンドウ', '野菜', 1200);
INSERT INTO PRODUCT(PRODUCT_ID,PRODUCT_NAME ,PRODUCT_DETAIL,CATEGORY,PRICE) VALUES(12, 'そら豆', 'そら豆', '野菜', 1200);
INSERT INTO PRODUCT(PRODUCT_ID,PRODUCT_NAME ,PRODUCT_DETAIL,CATEGORY,PRICE) VALUES(13, '枝豆', '枝豆', '野菜', 1200);
INSERT INTO PRODUCT(PRODUCT_ID,PRODUCT_NAME ,PRODUCT_DETAIL,CATEGORY,PRICE) VALUES(14, 'かぼちゃ', 'かぼちゃ', '野菜', 1200);        
INSERT INTO PRODUCT(PRODUCT_ID,PRODUCT_NAME ,PRODUCT_DETAIL,CATEGORY,PRICE) VALUES(15, '人参', '人参', '野菜', 1200);
INSERT INTO PRODUCT(PRODUCT_ID,PRODUCT_NAME ,PRODUCT_DETAIL,CATEGORY,PRICE) VALUES(16, 'ジャガイモ', 'ジャガイモ', '野菜', 1200);    
INSERT INTO PRODUCT(PRODUCT_ID,PRODUCT_NAME ,PRODUCT_DETAIL,CATEGORY,PRICE) VALUES(17, '玉ねぎ', '玉ねぎ', '野菜', 1200);
INSERT INTO PRODUCT(PRODUCT_ID,PRODUCT_NAME ,PRODUCT_DETAIL,CATEGORY,PRICE) VALUES(18, '大根', '大根', '野菜', 1200);
INSERT INTO PRODUCT(PRODUCT_ID,PRODUCT_NAME ,PRODUCT_DETAIL,CATEGORY,PRICE) VALUES(19, 'ネギ', 'ネギ', '野菜', 1200);
INSERT INTO PRODUCT(PRODUCT_ID,PRODUCT_NAME ,PRODUCT_DETAIL,CATEGORY,PRICE) VALUES(20, 'ごぼう', 'ごぼう', '野菜', 1200);
INSERT INTO PRODUCT(PRODUCT_ID,PRODUCT_NAME ,PRODUCT_DETAIL,CATEGORY,PRICE) VALUES(21, '里芋', '里芋', '野菜', 1200);
INSERT INTO PRODUCT(PRODUCT_ID,PRODUCT_NAME ,PRODUCT_DETAIL,CATEGORY,PRICE) VALUES(22, 'キャベツ', 'キャベツ', '野菜', 1200);
INSERT INTO PRODUCT(PRODUCT_ID,PRODUCT_NAME ,PRODUCT_DETAIL,CATEGORY,PRICE) VALUES(23, 'レタス', 'レタス', '野菜', 1200);
INSERT INTO PRODUCT(PRODUCT_ID,PRODUCT_NAME ,PRODUCT_DETAIL,CATEGORY,PRICE) VALUES(24, '白菜', '白菜', '野菜', 1200);
INSERT INTO PRODUCT(PRODUCT_ID,PRODUCT_NAME ,PRODUCT_DETAIL,CATEGORY,PRICE) VALUES(25, 'ブロッコリー', 'ブロッコリー', '野菜', 1200);
INSERT INTO PRODUCT(PRODUCT_ID,PRODUCT_NAME ,PRODUCT_DETAIL,CATEGORY,PRICE) VALUES(26, 'ほうれん草', 'ほうれん草', '野菜', 1200);
INSERT INTO PRODUCT(PRODUCT_ID,PRODUCT_NAME ,PRODUCT_DETAIL,CATEGORY,PRICE) VALUES(27, '小松菜', '小松菜', '野菜', 1200);
INSERT INTO PRODUCT(PRODUCT_ID,PRODUCT_NAME ,PRODUCT_DETAIL,CATEGORY,PRICE) VALUES(28, 'かぶ', 'かぶ', '野菜', 1200);
INSERT INTO PRODUCT(PRODUCT_ID,PRODUCT_NAME ,PRODUCT_DETAIL,CATEGORY,PRICE) VALUES(29, '季節の野菜詰め合わせセット', '季節の野菜詰め合わせセット', '野菜', 1200);

INSERT INTO PRODUCT(PRODUCT_ID,PRODUCT_NAME ,PRODUCT_DETAIL,CATEGORY,PRICE) VALUES(30, 'りんご', 'りんご', '果物', 1200);
INSERT INTO PRODUCT(PRODUCT_ID,PRODUCT_NAME ,PRODUCT_DETAIL,CATEGORY,PRICE) VALUES(31, 'なし', 'なし', '果物', 1200);
INSERT INTO PRODUCT(PRODUCT_ID,PRODUCT_NAME ,PRODUCT_DETAIL,CATEGORY,PRICE) VALUES(32, 'ぶどう', 'ぶどう', '果物', 1200);
INSERT INTO PRODUCT(PRODUCT_ID,PRODUCT_NAME ,PRODUCT_DETAIL,CATEGORY,PRICE) VALUES(33, 'みかん', 'みかん', '果物', 1200);
INSERT INTO PRODUCT(PRODUCT_ID,PRODUCT_NAME ,PRODUCT_DETAIL,CATEGORY,PRICE) VALUES(34, 'いちご', 'いちご', '果物', 1200);
INSERT INTO PRODUCT(PRODUCT_ID,PRODUCT_NAME ,PRODUCT_DETAIL,CATEGORY,PRICE) VALUES(35, 'もも', 'もも', '果物', 1200);
INSERT INTO PRODUCT(PRODUCT_ID,PRODUCT_NAME ,PRODUCT_DETAIL,CATEGORY,PRICE) VALUES(36, 'さくらんぼ', 'さくらんぼ', '果物', 1200);
INSERT INTO PRODUCT(PRODUCT_ID,PRODUCT_NAME ,PRODUCT_DETAIL,CATEGORY,PRICE) VALUES(37, 'スイカ', 'スイカ', '果物', 1200);
INSERT INTO PRODUCT(PRODUCT_ID,PRODUCT_NAME ,PRODUCT_DETAIL,CATEGORY,PRICE) VALUES(38, 'アンズ', 'アンズ', '果物', 1200);
INSERT INTO PRODUCT(PRODUCT_ID,PRODUCT_NAME ,PRODUCT_DETAIL,CATEGORY,PRICE) VALUES(39, 'プラム', 'プラム', '果物', 1200);

INSERT INTO PRODUCT(PRODUCT_ID,PRODUCT_NAME ,PRODUCT_DETAIL,CATEGORY,PRICE)
 VALUES(40, 'りんごジュース', 'りんごジュース', 'ジュース', 1200);
INSERT INTO PRODUCT(PRODUCT_ID,PRODUCT_NAME ,PRODUCT_DETAIL,CATEGORY,PRICE)
 VALUES(41, 'トマトジュース', 'トマトジュース', 'ジュース', 1200);
INSERT INTO PRODUCT(PRODUCT_ID,PRODUCT_NAME ,PRODUCT_DETAIL,CATEGORY,PRICE)
 VALUES(42, 'ぶどうジュース', 'ぶどうジュース', 'ジュース', 1200);


INSERT INTO SHIPPING_FEE VALUES('長野', 300);
INSERT INTO SHIPPING_FEE VALUES('北海道',	640);
INSERT INTO SHIPPING_FEE VALUES('青森', 430);
INSERT INTO SHIPPING_FEE VALUES('岩手',	430);
INSERT INTO SHIPPING_FEE VALUES('宮城',	430);
INSERT INTO SHIPPING_FEE VALUES('秋田',	430);
INSERT INTO SHIPPING_FEE VALUES('山形',	430);
INSERT INTO SHIPPING_FEE VALUES('福島',	430);
INSERT INTO SHIPPING_FEE VALUES('茨木',	430);
INSERT INTO SHIPPING_FEE VALUES('栃木',	430);
INSERT INTO SHIPPING_FEE VALUES('群馬',	430);
INSERT INTO SHIPPING_FEE VALUES('埼玉',	430);
INSERT INTO SHIPPING_FEE VALUES('千葉',	430);
INSERT INTO SHIPPING_FEE VALUES('東京',	430);
INSERT INTO SHIPPING_FEE VALUES('神奈川',	430);
INSERT INTO SHIPPING_FEE VALUES('山梨',	430);
INSERT INTO SHIPPING_FEE VALUES('新潟',	430);
INSERT INTO SHIPPING_FEE VALUES('富山',	430);
INSERT INTO SHIPPING_FEE VALUES('石川',	430);
INSERT INTO SHIPPING_FEE VALUES('福井',	430);
INSERT INTO SHIPPING_FEE VALUES('静岡',	430);
INSERT INTO SHIPPING_FEE VALUES('愛知',	430);
INSERT INTO SHIPPING_FEE VALUES('岐阜',	430);
INSERT INTO SHIPPING_FEE VALUES('三重',	430);
INSERT INTO SHIPPING_FEE VALUES('奈良',	480);
INSERT INTO SHIPPING_FEE VALUES('滋賀',	480);
INSERT INTO SHIPPING_FEE VALUES('京都',	480);
INSERT INTO SHIPPING_FEE VALUES('大阪',	480);
INSERT INTO SHIPPING_FEE VALUES('兵庫',	480);
INSERT INTO SHIPPING_FEE VALUES('和歌山',	480);
INSERT INTO SHIPPING_FEE VALUES('岡山',	560);
INSERT INTO SHIPPING_FEE VALUES('広島',	560);
INSERT INTO SHIPPING_FEE VALUES('鳥取',	560);
INSERT INTO SHIPPING_FEE VALUES('島根',	560);
INSERT INTO SHIPPING_FEE VALUES('山口',	560);
INSERT INTO SHIPPING_FEE VALUES('徳島',	560);
INSERT INTO SHIPPING_FEE VALUES('香川',	560);
INSERT INTO SHIPPING_FEE VALUES('愛媛',	560);
INSERT INTO SHIPPING_FEE VALUES('高知',	560);
INSERT INTO SHIPPING_FEE VALUES('福岡',	640);
INSERT INTO SHIPPING_FEE VALUES('佐賀',	640);
INSERT INTO SHIPPING_FEE VALUES('長崎',	640);
INSERT INTO SHIPPING_FEE VALUES('熊本',	640);
INSERT INTO SHIPPING_FEE VALUES('大分',	640);
INSERT INTO SHIPPING_FEE VALUES('宮崎',	640);
INSERT INTO SHIPPING_FEE VALUES('鹿児島',	640);
INSERT INTO SHIPPING_FEE VALUES('沖縄',	720);


INSERT INTO CUSTOMER_ORDER VALUES(1, 1, '2021-06-25 18:47:52.69', 1500, '東京都板橋区昭和町1-15-1', 0, FALSE); 
INSERT INTO CUSTOMER_ORDER VALUES(2, 1, '2021-06-26 14:44:56.69', 3500, '東京都板橋区昭和町3-7-1', 0, TRUE); 


INSERT INTO ORDER_DETAIL VALUES(1,1, 2);
INSERT INTO ORDER_DETAIL VALUES(1,5, 3);

INSERT INTO ORDER_DETAIL VALUES(2,3, 2);
INSERT INTO ORDER_DETAIL VALUES(2,6, 3);

INSERT INTO RESERVATION VALUES(1, '2021-06-30', '14:30:00', 'PM', '鈴木　翔太', 6, 'test@gmail.com', '08080809090', 6000);

INSERT INTO SHOPPING_CART VALUES(1, 4, 6);
INSERT INTO SHOPPING_CART VALUES(1, 1, 1);

insert into CAMPAIGN(CAMPAIGN_ID, TOTAL_AMOUNT, START_DATETIME, END_DATETIME) values(1, 2000, '2021-06-30 00:00:00.00', '2021-07-30 00:00:00.00');